{
    "robot_fn": "Model/Cholera.urdf",
    "num_dof":50,
    "left_tool_link": 13,
    "right_tool_link": 22,
    "left_arm_dofs": [7,8,9,10,11,12],
    "right_arm_dofs": [16,17,18,19,20,21],
    "base_dofs":[0,1,3],
    "head_dofs":[26,27],
    "left_gripper_dofs": [28,29,30,31,32,33,34,35,36,37,38],
    "right_gripper_dofs": [39,40,41,42,43,44,45,46,47,48,49],
    "limb_velocity_limits": [2.0, 2.0, 2.0, 2.0, 2.0, 2.0],
    "limb_EE_velocity_limits": [1.0, 1.0, 1.0, 1.0, 1.0, 1.0],
    "base_velocity_limits": [1.5, 1.5, 1.5],
    "limb_position_upper_limits":[6.28,6.28,6.28,6.28,6.28,6.28],
    "limb_position_lower_limits":[-6.28,-6.28,-6.28,-6.28,-6.28,-6.28],
    "wheelchair_dofs": [0, 1, 3],
    "configs":{
        "home": [0.17317459, -1.66203799, -2.25021315, 3.95050542, -0.59267456, -0.8280866]
    }
}
